well_type,model,avg_value
CONVENTIONAL OFFSHORE,hyperbolic,0.35
CONVENTIONAL ONSHORE,hyperbolic,0.44999999999999996
SHALE,hyperbolic,1.05
CONVENTIONAL TIGHT,hyperbolic,0.6000000000000001
TIGHT,hyperbolic,0.75
CONVENTIONAL OFFSHORE,exponential,0.025
CONVENTIONAL ONSHORE,exponential,0.025
SHALE,exponential,0.05
CONVENTIONAL TIGHT,exponential,0.025
TIGHT,exponential,0.04
CONVENTIONAL OFFSHORE,harmonic,1.0
CONVENTIONAL ONSHORE,harmonic,1.0
SHALE,harmonic,1.025
CONVENTIONAL TIGHT,harmonic,1.0
TIGHT,harmonic,1.0150000000000001
