market_center,crude_quality,percentage
Permian,Light Sweet,90
Permian,Medium Sour,10
Cushing,Light Sweet,88
Cushing,Medium Sour,12
Bakken,Light Sweet,96
Bakken,Medium Sweet,3
Bakken,Medium Sour,1
Rockies,Light Sweet,93
Rockies,Medium Sour,7
Louisiana Gulf Coast,Medium Sour,68
Louisiana Gulf Coast,Light Sweet,18
Louisiana Gulf Coast,Medium Sweet,6
Louisiana Gulf Coast,Light Sour,5
Louisiana Gulf Coast,Heavy Sour,3
Eagle Ford,Light Sweet,80
Eagle Ford,Medium Sour,20
Houston,Light Sweet,75
Houston,Medium Sour,20
Houston,Medium Sweet,3
Houston,Light Sour,1
Houston,Heavy Sour,1
Corpus Christi,Light Sweet,78
Corpus Christi,Medium Sour,19
Corpus Christi,Medium Sweet,2
Corpus Christi,Light Sour,1